Name,Type 1,Type 2,Total,HP,Attack,Defense,Sp. Atk,Sp. Def,Speed,Generation,Legendary,Evolution
Bulbasaur,Grass,Poison,318,45,49,49,65,65,45,1,False,True
Ivysaur,Grass,Poison,405,60,62,63,80,80,60,1,False,False
Venusaur,Grass,Poison,525,80,82,83,100,100,80,1,False,False
VenusaurMega Venusaur,Grass,Poison,625,80,100,123,122,120,80,1,False,False
Charmander,Fire,,309,39,52,43,60,50,65,1,False,True
Charmeleon,Fire,,405,58,64,58,80,65,80,1,False,False
Charizard,Fire,Flying,534,78,84,78,109,85,100,1,False,False
CharizardMega Charizard X,Fire,Dragon,634,78,130,111,130,85,100,1,False,False
CharizardMega Charizard Y,Fire,Flying,634,78,104,78,159,115,100,1,False,False
Squirtle,Water,,314,44,48,65,50,64,43,1,False,True
Wartortle,Water,,405,59,63,80,65,80,58,1,False,False
Blastoise,Water,,530,79,83,100,85,105,78,1,False,False
BlastoiseMega Blastoise,Water,,630,79,103,120,135,115,78,1,False,False
Caterpie,Bug,,195,45,30,35,20,20,45,1,False,True
Metapod,Bug,,205,50,20,55,25,25,30,1,False,False
Butterfree,Bug,Flying,395,60,45,50,90,80,70,1,False,False
Weedle,Bug,Poison,195,40,35,30,20,20,50,1,False,True
Kakuna,Bug,Poison,205,45,25,50,25,25,35,1,False,False
Beedrill,Bug,Poison,395,65,90,40,45,80,75,1,False,False
BeedrillMega Beedrill,Bug,Poison,495,65,150,40,15,80,145,1,False,False
Pidgey,Normal,Flying,251,40,45,40,35,35,56,1,False,True
Pidgeotto,Normal,Flying,349,63,60,55,50,50,71,1,False,False
Pidgeot,Normal,Flying,479,83,80,75,70,70,101,1,False,False
PidgeotMega Pidgeot,Normal,Flying,579,83,80,80,135,80,121,1,False,False
Rattata,Normal,,253,30,56,35,25,35,72,1,False,True
Raticate,Normal,,413,55,81,60,50,70,97,1,False,False
Spearow,Normal,Flying,262,40,60,30,31,31,70,1,False,True
Fearow,Normal,Flying,442,65,90,65,61,61,100,1,False,False
Ekans,Poison,,288,35,60,44,40,54,55,1,False,True
Arbok,Poison,,438,60,85,69,65,79,80,1,False,False
Pikachu,Electric,,320,35,55,40,50,50,90,1,False,True
Raichu,Electric,,485,60,90,55,90,80,110,1,False,False
Sandshrew,Ground,,300,50,75,85,20,30,40,1,False,True
Sandslash,Ground,,450,75,100,110,45,55,65,1,False,False
Nidoran♀,Poison,,275,55,47,52,40,40,41,1,False,True
Nidorina,Poison,,365,70,62,67,55,55,56,1,False,False
Nidoqueen,Poison,Ground,505,90,92,87,75,85,76,1,False,False
Nidoran♂,Poison,,273,46,57,40,40,40,50,1,False,True
Nidorino,Poison,,365,61,72,57,55,55,65,1,False,False
Nidoking,Poison,Ground,505,81,102,77,85,75,85,1,False,False
Clefairy,Fairy,,323,70,45,48,60,65,35,1,False,True
Clefable,Fairy,,483,95,70,73,95,90,60,1,False,False
Vulpix,Fire,,299,38,41,40,50,65,65,1,False,True
Ninetales,Fire,,505,73,76,75,81,100,100,1,False,False
Jigglypuff,Normal,Fairy,270,115,45,20,45,25,20,1,False,True
Wigglytuff,Normal,Fairy,435,140,70,45,85,50,45,1,False,False
Zubat,Poison,Flying,245,40,45,35,30,40,55,1,False,True
Golbat,Poison,Flying,455,75,80,70,65,75,90,1,False,False
Oddish,Grass,Poison,320,45,50,55,75,65,30,1,False,True
Gloom,Grass,Poison,395,60,65,70,85,75,40,1,False,False
Vileplume,Grass,Poison,490,75,80,85,110,90,50,1,False,False
Paras,Bug,Grass,285,35,70,55,45,55,25,1,False,True
Parasect,Bug,Grass,405,60,95,80,60,80,30,1,False,False
Venonat,Bug,Poison,305,60,55,50,40,55,45,1,False,True
Venomoth,Bug,Poison,450,70,65,60,90,75,90,1,False,False
Diglett,Ground,,265,10,55,25,35,45,95,1,False,True
Dugtrio,Ground,,405,35,80,50,50,70,120,1,False,False
Meowth,Normal,,290,40,45,35,40,40,90,1,False,True
Persian,Normal,,440,65,70,60,65,65,115,1,False,False
Psyduck,Water,,320,50,52,48,65,50,55,1,False,True
Golduck,Water,,500,80,82,78,95,80,85,1,False,False
Mankey,Fighting,,305,40,80,35,35,45,70,1,False,True
Primeape,Fighting,,455,65,105,60,60,70,95,1,False,False
Growlithe,Fire,,350,55,70,45,70,50,60,1,False,True
Arcanine,Fire,,555,90,110,80,100,80,95,1,False,False
Poliwag,Water,,300,40,50,40,40,40,90,1,False,True
Poliwhirl,Water,,385,65,65,65,50,50,90,1,False,False
Poliwrath,Water,Fighting,510,90,95,95,70,90,70,1,False,False
Abra,Psychic,,310,25,20,15,105,55,90,1,False,True
Kadabra,Psychic,,400,40,35,30,120,70,105,1,False,False
Alakazam,Psychic,,500,55,50,45,135,95,120,1,False,False
AlakazamMega Alakazam,Psychic,,590,55,50,65,175,95,150,1,False,False
Machop,Fighting,,305,70,80,50,35,35,35,1,False,True
Machoke,Fighting,,405,80,100,70,50,60,45,1,False,False
Machamp,Fighting,,505,90,130,80,65,85,55,1,False,False
Bellsprout,Grass,Poison,300,50,75,35,70,30,40,1,False,True
Weepinbell,Grass,Poison,390,65,90,50,85,45,55,1,False,False
Victreebel,Grass,Poison,490,80,105,65,100,70,70,1,False,False
Tentacool,Water,Poison,335,40,40,35,50,100,70,1,False,True
Tentacruel,Water,Poison,515,80,70,65,80,120,100,1,False,False
Geodude,Rock,Ground,300,40,80,100,30,30,20,1,False,True
Graveler,Rock,Ground,390,55,95,115,45,45,35,1,False,False
Golem,Rock,Ground,495,80,120,130,55,65,45,1,False,False
Ponyta,Fire,,410,50,85,55,65,65,90,1,False,True
Rapidash,Fire,,500,65,100,70,80,80,105,1,False,False
Slowpoke,Water,Psychic,315,90,65,65,40,40,15,1,False,True
Slowbro,Water,Psychic,490,95,75,110,100,80,30,1,False,False
SlowbroMega Slowbro,Water,Psychic,590,95,75,180,130,80,30,1,False,False
Magnemite,Electric,Steel,325,25,35,70,95,55,45,1,False,True
Magneton,Electric,Steel,465,50,60,95,120,70,70,1,False,False
Farfetch'd,Normal,Flying,352,52,65,55,58,62,60,1,False,False
Doduo,Normal,Flying,310,35,85,45,35,35,75,1,False,True
Dodrio,Normal,Flying,460,60,110,70,60,60,100,1,False,False
Seel,Water,,325,65,45,55,45,70,45,1,False,True
Dewgong,Water,Ice,475,90,70,80,70,95,70,1,False,False
Grimer,Poison,,325,80,80,50,40,50,25,1,False,True
Muk,Poison,,500,105,105,75,65,100,50,1,False,False
Shellder,Water,,305,30,65,100,45,25,40,1,False,True
Cloyster,Water,Ice,525,50,95,180,85,45,70,1,False,False
Gastly,Ghost,Poison,310,30,35,30,100,35,80,1,False,True
Haunter,Ghost,Poison,405,45,50,45,115,55,95,1,False,False
Gengar,Ghost,Poison,500,60,65,60,130,75,110,1,False,False
GengarMega Gengar,Ghost,Poison,600,60,65,80,170,95,130,1,False,False
Onix,Rock,Ground,385,35,45,160,30,45,70,1,False,True
Drowzee,Psychic,,328,60,48,45,43,90,42,1,False,True
Hypno,Psychic,,483,85,73,70,73,115,67,1,False,False
Krabby,Water,,325,30,105,90,25,25,50,1,False,True
Kingler,Water,,475,55,130,115,50,50,75,1,False,False
Voltorb,Electric,,330,40,30,50,55,55,100,1,False,True
Electrode,Electric,,480,60,50,70,80,80,140,1,False,False
Exeggcute,Grass,Psychic,325,60,40,80,60,45,40,1,False,True
Exeggutor,Grass,Psychic,520,95,95,85,125,65,55,1,False,False
Cubone,Ground,,320,50,50,95,40,50,35,1,False,True
Marowak,Ground,,425,60,80,110,50,80,45,1,False,False
Hitmonlee,Fighting,,455,50,120,53,35,110,87,1,False,False
Hitmonchan,Fighting,,455,50,105,79,35,110,76,1,False,False
Lickitung,Normal,,385,90,55,75,60,75,30,1,False,True
Koffing,Poison,,340,40,65,95,60,45,35,1,False,True
Weezing,Poison,,490,65,90,120,85,70,60,1,False,False
Rhyhorn,Ground,Rock,345,80,85,95,30,30,25,1,False,True
Rhydon,Ground,Rock,485,105,130,120,45,45,40,1,False,False
Chansey,Normal,,450,250,5,5,35,105,50,1,False,False
Tangela,Grass,,435,65,55,115,100,40,60,1,False,False
Kangaskhan,Normal,,490,105,95,80,40,80,90,1,False,False
KangaskhanMega Kangaskhan,Normal,,590,105,125,100,60,100,100,1,False,False
Horsea,Water,,295,30,40,70,70,25,60,1,False,True
Seadra,Water,,440,55,65,95,95,45,85,1,False,False
Goldeen,Water,,320,45,67,60,35,50,63,1,False,True
Seaking,Water,,450,80,92,65,65,80,68,1,False,False
Staryu,Water,,340,30,45,55,70,55,85,1,False,True
Starmie,Water,Psychic,520,60,75,85,100,85,115,1,False,False
Mr. Mime,Psychic,Fairy,460,40,45,65,100,120,90,1,False,False
Scyther,Bug,Flying,500,70,110,80,55,80,105,1,False,True
Jynx,Ice,Psychic,455,65,50,35,115,95,95,1,False,False
Electabuzz,Electric,,490,65,83,57,95,85,105,1,False,False
Magmar,Fire,,495,65,95,57,100,85,93,1,False,False
Pinsir,Bug,,500,65,125,100,55,70,85,1,False,False
PinsirMega Pinsir,Bug,Flying,600,65,155,120,65,90,105,1,False,False
Tauros,Normal,,490,75,100,95,40,70,110,1,False,False
Magikarp,Water,,200,20,10,55,15,20,80,1,False,True
Gyarados,Water,Flying,540,95,125,79,60,100,81,1,False,False
GyaradosMega Gyarados,Water,Dark,640,95,155,109,70,130,81,1,False,False
Lapras,Water,Ice,535,130,85,80,85,95,60,1,False,False
Ditto,Normal,,288,48,48,48,48,48,48,1,False,False
Eevee,Normal,,325,55,55,50,45,65,55,1,False,True
Vaporeon,Water,,525,130,65,60,110,95,65,1,False,False
Jolteon,Electric,,525,65,65,60,110,95,130,1,False,False
Flareon,Fire,,525,65,130,60,95,110,65,1,False,False
Porygon,Normal,,395,65,60,70,85,75,40,1,False,True
Omanyte,Rock,Water,355,35,40,100,90,55,35,1,False,True
Omastar,Rock,Water,495,70,60,125,115,70,55,1,False,False
Kabuto,Rock,Water,355,30,80,90,55,45,55,1,False,True
Kabutops,Rock,Water,495,60,115,105,65,70,80,1,False,False
Aerodactyl,Rock,Flying,515,80,105,65,60,75,130,1,False,False
AerodactylMega Aerodactyl,Rock,Flying,615,80,135,85,70,95,150,1,False,False
Snorlax,Normal,,540,160,110,65,65,110,30,1,False,False
Articuno,Ice,Flying,580,90,85,100,95,125,85,1,True,False
Zapdos,Electric,Flying,580,90,90,85,125,90,100,1,True,False
Moltres,Fire,Flying,580,90,100,90,125,85,90,1,True,False
Dratini,Dragon,,300,41,64,45,50,50,50,1,False,True
Dragonair,Dragon,,420,61,84,65,70,70,70,1,False,False
Dragonite,Dragon,Flying,600,91,134,95,100,100,80,1,False,False
Mewtwo,Psychic,,680,106,110,90,154,90,130,1,True,False
MewtwoMega Mewtwo X,Psychic,Fighting,780,106,190,100,154,100,130,1,True,False
MewtwoMega Mewtwo Y,Psychic,,780,106,150,70,194,120,140,1,True,False
Mew,Psychic,,600,100,100,100,100,100,100,1,False,False
Chikorita,Grass,,318,45,49,65,49,65,45,2,False,True
Bayleef,Grass,,405,60,62,80,63,80,60,2,False,False
Meganium,Grass,,525,80,82,100,83,100,80,2,False,False
Cyndaquil,Fire,,309,39,52,43,60,50,65,2,False,True
Quilava,Fire,,405,58,64,58,80,65,80,2,False,False
Typhlosion,Fire,,534,78,84,78,109,85,100,2,False,False
Totodile,Water,,314,50,65,64,44,48,43,2,False,True
Croconaw,Water,,405,65,80,80,59,63,58,2,False,False
Feraligatr,Water,,530,85,105,100,79,83,78,2,False,False
Sentret,Normal,,215,35,46,34,35,45,20,2,False,True
Furret,Normal,,415,85,76,64,45,55,90,2,False,False
Hoothoot,Normal,Flying,262,60,30,30,36,56,50,2,False,True
Noctowl,Normal,Flying,442,100,50,50,76,96,70,2,False,False
Ledyba,Bug,Flying,265,40,20,30,40,80,55,2,False,True
Ledian,Bug,Flying,390,55,35,50,55,110,85,2,False,False
Spinarak,Bug,Poison,250,40,60,40,40,40,30,2,False,True
Ariados,Bug,Poison,390,70,90,70,60,60,40,2,False,False
Crobat,Poison,Flying,535,85,90,80,70,80,130,2,False,False
Chinchou,Water,Electric,330,75,38,38,56,56,67,2,False,True
Lanturn,Water,Electric,460,125,58,58,76,76,67,2,False,False
Pichu,Electric,,205,20,40,15,35,35,60,2,False,True
Cleffa,Fairy,,218,50,25,28,45,55,15,2,False,True
Igglybuff,Normal,Fairy,210,90,30,15,40,20,15,2,False,True
Togepi,Fairy,,245,35,20,65,40,65,20,2,False,True
Togetic,Fairy,Flying,405,55,40,85,80,105,40,2,False,False
Natu,Psychic,Flying,320,40,50,45,70,45,70,2,False,True
Xatu,Psychic,Flying,470,65,75,70,95,70,95,2,False,False
Mareep,Electric,,280,55,40,40,65,45,35,2,False,True
Flaaffy,Electric,,365,70,55,55,80,60,45,2,False,False
Ampharos,Electric,,510,90,75,85,115,90,55,2,False,False
AmpharosMega Ampharos,Electric,Dragon,610,90,95,105,165,110,45,2,False,False
Bellossom,Grass,,490,75,80,95,90,100,50,2,False,True
Marill,Water,Fairy,250,70,20,50,20,50,40,2,False,False
Azumarill,Water,Fairy,420,100,50,80,60,80,50,2,False,False
Sudowoodo,Rock,,410,70,100,115,30,65,30,2,False,False
Politoed,Water,,500,90,75,75,90,100,70,2,False,False
Hoppip,Grass,Flying,250,35,35,40,35,55,50,2,False,True
Skiploom,Grass,Flying,340,55,45,50,45,65,80,2,False,False
Jumpluff,Grass,Flying,460,75,55,70,55,95,110,2,False,False
Aipom,Normal,,360,55,70,55,40,55,85,2,False,True
Sunkern,Grass,,180,30,30,30,30,30,30,2,False,True
Sunflora,Grass,,425,75,75,55,105,85,30,2,False,False
Yanma,Bug,Flying,390,65,65,45,75,45,95,2,False,True
Wooper,Water,Ground,210,55,45,45,25,25,15,2,False,True
Quagsire,Water,Ground,430,95,85,85,65,65,35,2,False,False
Espeon,Psychic,,525,65,65,60,130,95,110,2,False,False
Umbreon,Dark,,525,95,65,110,60,130,65,2,False,False
Murkrow,Dark,Flying,405,60,85,42,85,42,91,2,False,True
Slowking,Water,Psychic,490,95,75,80,100,110,30,2,False,False
Misdreavus,Ghost,,435,60,60,60,85,85,85,2,False,True
Unown,Psychic,,336,48,72,48,72,48,48,2,False,False
Wobbuffet,Psychic,,405,190,33,58,33,58,33,2,False,False
Girafarig,Normal,Psychic,455,70,80,65,90,65,85,2,False,False
Pineco,Bug,,290,50,65,90,35,35,15,2,False,True
Forretress,Bug,Steel,465,75,90,140,60,60,40,2,False,False
Dunsparce,Normal,,415,100,70,70,65,65,45,2,False,False
Gligar,Ground,Flying,430,65,75,105,35,65,85,2,False,True
Steelix,Steel,Ground,510,75,85,200,55,65,30,2,False,False
SteelixMega Steelix,Steel,Ground,610,75,125,230,55,95,30,2,False,False
Snubbull,Fairy,,300,60,80,50,40,40,30,2,False,True
Granbull,Fairy,,450,90,120,75,60,60,45,2,False,False
Qwilfish,Water,Poison,430,65,95,75,55,55,85,2,False,False
Scizor,Bug,Steel,500,70,130,100,55,80,65,2,False,False
ScizorMega Scizor,Bug,Steel,600,70,150,140,65,100,75,2,False,False
Shuckle,Bug,Rock,505,20,10,230,10,230,5,2,False,False
Heracross,Bug,Fighting,500,80,125,75,40,95,85,2,False,False
HeracrossMega Heracross,Bug,Fighting,600,80,185,115,40,105,75,2,False,False
Sneasel,Dark,Ice,430,55,95,55,35,75,115,2,False,True
Teddiursa,Normal,,330,60,80,50,50,50,40,2,False,True
Ursaring,Normal,,500,90,130,75,75,75,55,2,False,False
Slugma,Fire,,250,40,40,40,70,40,20,2,False,True
Magcargo,Fire,Rock,410,50,50,120,80,80,30,2,False,False
Swinub,Ice,Ground,250,50,50,40,30,30,50,2,False,True
Piloswine,Ice,Ground,450,100,100,80,60,60,50,2,False,False
Corsola,Water,Rock,380,55,55,85,65,85,35,2,False,False
Remoraid,Water,,300,35,65,35,65,35,65,2,False,False
Octillery,Water,,480,75,105,75,105,75,45,2,False,False
Delibird,Ice,Flying,330,45,55,45,65,45,75,2,False,False
Mantine,Water,Flying,465,65,40,70,80,140,70,2,False,False
Skarmory,Steel,Flying,465,65,80,140,40,70,70,2,False,False
Houndour,Dark,Fire,330,45,60,30,80,50,65,2,False,True
Houndoom,Dark,Fire,500,75,90,50,110,80,95,2,False,False
HoundoomMega Houndoom,Dark,Fire,600,75,90,90,140,90,115,2,False,False
Kingdra,Water,Dragon,540,75,95,95,95,95,85,2,False,False
Phanpy,Ground,,330,90,60,60,40,40,40,2,False,True
Donphan,Ground,,500,90,120,120,60,60,50,2,False,False
Porygon2,Normal,,515,85,80,90,105,95,60,2,False,False
Stantler,Normal,,465,73,95,62,85,65,85,2,False,False
Smeargle,Normal,,250,55,20,35,20,45,75,2,False,False
Tyrogue,Fighting,,210,35,35,35,35,35,35,2,False,True
Hitmontop,Fighting,,455,50,95,95,35,110,70,2,False,False
Smoochum,Ice,Psychic,305,45,30,15,85,65,65,2,False,True
Elekid,Electric,,360,45,63,37,65,55,95,2,False,True
Magby,Fire,,365,45,75,37,70,55,83,2,False,True
Miltank,Normal,,490,95,80,105,40,70,100,2,False,False
Blissey,Normal,,540,255,10,10,75,135,55,2,False,True
Raikou,Electric,,580,90,85,75,115,100,115,2,True,False
Entei,Fire,,580,115,115,85,90,75,100,2,True,False
Suicune,Water,,580,100,75,115,90,115,85,2,True,False
Larvitar,Rock,Ground,300,50,64,50,45,50,41,2,False,True
Pupitar,Rock,Ground,410,70,84,70,65,70,51,2,False,False
Tyranitar,Rock,Dark,600,100,134,110,95,100,61,2,False,False
TyranitarMega Tyranitar,Rock,Dark,700,100,164,150,95,120,71,2,False,False
Lugia,Psychic,Flying,680,106,90,130,90,154,110,2,True,False
Ho-oh,Fire,Flying,680,106,130,90,110,154,90,2,True,False
Celebi,Psychic,Grass,600,100,100,100,100,100,100,2,False,False
Treecko,Grass,,310,40,45,35,65,55,70,3,False,True
Grovyle,Grass,,405,50,65,45,85,65,95,3,False,False
Sceptile,Grass,,530,70,85,65,105,85,120,3,False,False
SceptileMega Sceptile,Grass,Dragon,630,70,110,75,145,85,145,3,False,False
Torchic,Fire,,310,45,60,40,70,50,45,3,False,True
Combusken,Fire,Fighting,405,60,85,60,85,60,55,3,False,False
Blaziken,Fire,Fighting,530,80,120,70,110,70,80,3,False,False
BlazikenMega Blaziken,Fire,Fighting,630,80,160,80,130,80,100,3,False,False
Mudkip,Water,,310,50,70,50,50,50,40,3,False,True
Marshtomp,Water,Ground,405,70,85,70,60,70,50,3,False,False
Swampert,Water,Ground,535,100,110,90,85,90,60,3,False,False
SwampertMega Swampert,Water,Ground,635,100,150,110,95,110,70,3,False,False
Poochyena,Dark,,220,35,55,35,30,30,35,3,False,True
Mightyena,Dark,,420,70,90,70,60,60,70,3,False,False
Zigzagoon,Normal,,240,38,30,41,30,41,60,3,False,True
Linoone,Normal,,420,78,70,61,50,61,100,3,False,False
Wurmple,Bug,,195,45,45,35,20,30,20,3,False,True
Silcoon,Bug,,205,50,35,55,25,25,15,3,False,False
Beautifly,Bug,Flying,395,60,70,50,100,50,65,3,False,False
Cascoon,Bug,,205,50,35,55,25,25,15,3,False,False
Dustox,Bug,Poison,385,60,50,70,50,90,65,3,False,False
Lotad,Water,Grass,220,40,30,30,40,50,30,3,False,True
Lombre,Water,Grass,340,60,50,50,60,70,50,3,False,False
Ludicolo,Water,Grass,480,80,70,70,90,100,70,3,False,False
Seedot,Grass,,220,40,40,50,30,30,30,3,False,True
Nuzleaf,Grass,Dark,340,70,70,40,60,40,60,3,False,False
Shiftry,Grass,Dark,480,90,100,60,90,60,80,3,False,False
Taillow,Normal,Flying,270,40,55,30,30,30,85,3,False,True
Swellow,Normal,Flying,430,60,85,60,50,50,125,3,False,False
Wingull,Water,Flying,270,40,30,30,55,30,85,3,False,True
Pelipper,Water,Flying,430,60,50,100,85,70,65,3,False,False
Ralts,Psychic,Fairy,198,28,25,25,45,35,40,3,False,True
Kirlia,Psychic,Fairy,278,38,35,35,65,55,50,3,False,False
Gardevoir,Psychic,Fairy,518,68,65,65,125,115,80,3,False,False
GardevoirMega Gardevoir,Psychic,Fairy,618,68,85,65,165,135,100,3,False,False
Surskit,Bug,Water,269,40,30,32,50,52,65,3,False,True
Masquerain,Bug,Flying,414,70,60,62,80,82,60,3,False,False
Shroomish,Grass,,295,60,40,60,40,60,35,3,False,True
Breloom,Grass,Fighting,460,60,130,80,60,60,70,3,False,False
Slakoth,Normal,,280,60,60,60,35,35,30,3,False,True
Vigoroth,Normal,,440,80,80,80,55,55,90,3,False,False
Slaking,Normal,,670,150,160,100,95,65,100,3,False,False
Nincada,Bug,Ground,266,31,45,90,30,30,40,3,False,True
Ninjask,Bug,Flying,456,61,90,45,50,50,160,3,False,False
Shedinja,Bug,Ghost,236,1,90,45,30,30,40,3,False,False
Whismur,Normal,,240,64,51,23,51,23,28,3,False,True
Loudred,Normal,,360,84,71,43,71,43,48,3,False,False
Exploud,Normal,,490,104,91,63,91,73,68,3,False,False
Makuhita,Fighting,,237,72,60,30,20,30,25,3,False,True
Hariyama,Fighting,,474,144,120,60,40,60,50,3,False,False
Azurill,Normal,Fairy,190,50,20,40,20,40,20,3,False,True
Nosepass,Rock,,375,30,45,135,45,90,30,3,False,True
Skitty,Normal,,260,50,45,45,35,35,50,3,False,True
Delcatty,Normal,,380,70,65,65,55,55,70,3,False,False
Sableye,Dark,Ghost,380,50,75,75,65,65,50,3,False,False
SableyeMega Sableye,Dark,Ghost,480,50,85,125,85,115,20,3,False,False
Mawile,Steel,Fairy,380,50,85,85,55,55,50,3,False,False
MawileMega Mawile,Steel,Fairy,480,50,105,125,55,95,50,3,False,False
Aron,Steel,Rock,330,50,70,100,40,40,30,3,False,True
Lairon,Steel,Rock,430,60,90,140,50,50,40,3,False,False
Aggron,Steel,Rock,530,70,110,180,60,60,50,3,False,False
AggronMega Aggron,Steel,,630,70,140,230,60,80,50,3,False,False
Meditite,Fighting,Psychic,280,30,40,55,40,55,60,3,False,True
Medicham,Fighting,Psychic,410,60,60,75,60,75,80,3,False,False
MedichamMega Medicham,Fighting,Psychic,510,60,100,85,80,85,100,3,False,False
Electrike,Electric,,295,40,45,40,65,40,65,3,False,True
Manectric,Electric,,475,70,75,60,105,60,105,3,False,False
ManectricMega Manectric,Electric,,575,70,75,80,135,80,135,3,False,False
Plusle,Electric,,405,60,50,40,85,75,95,3,False,False
Minun,Electric,,405,60,40,50,75,85,95,3,False,False
Volbeat,Bug,,400,65,73,55,47,75,85,3,False,False
Illumise,Bug,,400,65,47,55,73,75,85,3,False,False
Roselia,Grass,Poison,400,50,60,45,100,80,65,3,False,True
Gulpin,Poison,,302,70,43,53,43,53,40,3,False,True
Swalot,Poison,,467,100,73,83,73,83,55,3,False,False
Carvanha,Water,Dark,305,45,90,20,65,20,65,3,False,True
Sharpedo,Water,Dark,460,70,120,40,95,40,95,3,False,False
SharpedoMega Sharpedo,Water,Dark,560,70,140,70,110,65,105,3,False,False
Wailmer,Water,,400,130,70,35,70,35,60,3,False,True
Wailord,Water,,500,170,90,45,90,45,60,3,False,False
Numel,Fire,Ground,305,60,60,40,65,45,35,3,False,True
Camerupt,Fire,Ground,460,70,100,70,105,75,40,3,False,False
CameruptMega Camerupt,Fire,Ground,560,70,120,100,145,105,20,3,False,False
Torkoal,Fire,,470,70,85,140,85,70,20,3,False,False
Spoink,Psychic,,330,60,25,35,70,80,60,3,False,True
Grumpig,Psychic,,470,80,45,65,90,110,80,3,False,False
Spinda,Normal,,360,60,60,60,60,60,60,3,False,False
Trapinch,Ground,,290,45,100,45,45,45,10,3,False,True
Vibrava,Ground,Dragon,340,50,70,50,50,50,70,3,False,False
Flygon,Ground,Dragon,520,80,100,80,80,80,100,3,False,False
Cacnea,Grass,,335,50,85,40,85,40,35,3,False,True
Cacturne,Grass,Dark,475,70,115,60,115,60,55,3,False,False
Swablu,Normal,Flying,310,45,40,60,40,75,50,3,False,True
Altaria,Dragon,Flying,490,75,70,90,70,105,80,3,False,False
AltariaMega Altaria,Dragon,Fairy,590,75,110,110,110,105,80,3,False,False
Zangoose,Normal,,458,73,115,60,60,60,90,3,False,False
Seviper,Poison,,458,73,100,60,100,60,65,3,False,False
Lunatone,Rock,Psychic,440,70,55,65,95,85,70,3,False,False
Solrock,Rock,Psychic,440,70,95,85,55,65,70,3,False,False
Barboach,Water,Ground,288,50,48,43,46,41,60,3,False,True
Whiscash,Water,Ground,468,110,78,73,76,71,60,3,False,False
Corphish,Water,,308,43,80,65,50,35,35,3,False,True
Crawdaunt,Water,Dark,468,63,120,85,90,55,55,3,False,False
Baltoy,Ground,Psychic,300,40,40,55,40,70,55,3,False,True
Claydol,Ground,Psychic,500,60,70,105,70,120,75,3,False,False
Lileep,Rock,Grass,355,66,41,77,61,87,23,3,False,True
Cradily,Rock,Grass,495,86,81,97,81,107,43,3,False,False
Anorith,Rock,Bug,355,45,95,50,40,50,75,3,False,True
Armaldo,Rock,Bug,495,75,125,100,70,80,45,3,False,False
Feebas,Water,,200,20,15,20,10,55,80,3,False,True
Milotic,Water,,540,95,60,79,100,125,81,3,False,False
Castform,Normal,,420,70,70,70,70,70,70,3,False,False
Kecleon,Normal,,440,60,90,70,60,120,40,3,False,False
Shuppet,Ghost,,295,44,75,35,63,33,45,3,False,True
Banette,Ghost,,455,64,115,65,83,63,65,3,False,False
BanetteMega Banette,Ghost,,555,64,165,75,93,83,75,3,False,False
Duskull,Ghost,,295,20,40,90,30,90,25,3,False,True
Dusclops,Ghost,,455,40,70,130,60,130,25,3,False,False
Tropius,Grass,Flying,460,99,68,83,72,87,51,3,False,False
Chimecho,Psychic,,425,65,50,70,95,80,65,3,False,False
Absol,Dark,,465,65,130,60,75,60,75,3,False,False
AbsolMega Absol,Dark,,565,65,150,60,115,60,115,3,False,False
Wynaut,Psychic,,260,95,23,48,23,48,23,3,False,True
Snorunt,Ice,,300,50,50,50,50,50,50,3,False,True
Glalie,Ice,,480,80,80,80,80,80,80,3,False,False
GlalieMega Glalie,Ice,,580,80,120,80,120,80,100,3,False,False
Spheal,Ice,Water,290,70,40,50,55,50,25,3,False,True
Sealeo,Ice,Water,410,90,60,70,75,70,45,3,False,False
Walrein,Ice,Water,530,110,80,90,95,90,65,3,False,False
Clamperl,Water,,345,35,64,85,74,55,32,3,False,True
Huntail,Water,,485,55,104,105,94,75,52,3,False,False
Gorebyss,Water,,485,55,84,105,114,75,52,3,False,False
Relicanth,Water,Rock,485,100,90,130,45,65,55,3,False,False
Luvdisc,Water,,330,43,30,55,40,65,97,3,False,False
Bagon,Dragon,,300,45,75,60,40,30,50,3,False,True
Shelgon,Dragon,,420,65,95,100,60,50,50,3,False,False
Salamence,Dragon,Flying,600,95,135,80,110,80,100,3,False,False
SalamenceMega Salamence,Dragon,Flying,700,95,145,130,120,90,120,3,False,False
Beldum,Steel,Psychic,300,40,55,80,35,60,30,3,False,True
Metang,Steel,Psychic,420,60,75,100,55,80,50,3,False,False
Metagross,Steel,Psychic,600,80,135,130,95,90,70,3,False,False
MetagrossMega Metagross,Steel,Psychic,700,80,145,150,105,110,110,3,False,False
Regirock,Rock,,580,80,100,200,50,100,50,3,True,False
Regice,Ice,,580,80,50,100,100,200,50,3,True,False
Registeel,Steel,,580,80,75,150,75,150,50,3,True,False
Latias,Dragon,Psychic,600,80,80,90,110,130,110,3,True,False
LatiasMega Latias,Dragon,Psychic,700,80,100,120,140,150,110,3,True,False
Latios,Dragon,Psychic,600,80,90,80,130,110,110,3,True,False
LatiosMega Latios,Dragon,Psychic,700,80,130,100,160,120,110,3,True,False
Kyogre,Water,,670,100,100,90,150,140,90,3,True,False
KyogrePrimal Kyogre,Water,,770,100,150,90,180,160,90,3,True,False
Groudon,Ground,,670,100,150,140,100,90,90,3,True,False
GroudonPrimal Groudon,Ground,Fire,770,100,180,160,150,90,90,3,True,False
Rayquaza,Dragon,Flying,680,105,150,90,150,90,95,3,True,False
RayquazaMega Rayquaza,Dragon,Flying,780,105,180,100,180,100,115,3,True,False
Jirachi,Steel,Psychic,600,100,100,100,100,100,100,3,True,False
DeoxysNormal Forme,Psychic,,600,50,150,50,150,50,150,3,True,False
DeoxysAttack Forme,Psychic,,600,50,180,20,180,20,150,3,True,False
DeoxysDefense Forme,Psychic,,600,50,70,160,70,160,90,3,True,False
DeoxysSpeed Forme,Psychic,,600,50,95,90,95,90,180,3,True,False
Turtwig,Grass,,318,55,68,64,45,55,31,4,False,True
Grotle,Grass,,405,75,89,85,55,65,36,4,False,False
Torterra,Grass,Ground,525,95,109,105,75,85,56,4,False,False
Chimchar,Fire,,309,44,58,44,58,44,61,4,False,True
Monferno,Fire,Fighting,405,64,78,52,78,52,81,4,False,False
Infernape,Fire,Fighting,534,76,104,71,104,71,108,4,False,False
Piplup,Water,,314,53,51,53,61,56,40,4,False,True
Prinplup,Water,,405,64,66,68,81,76,50,4,False,False
Empoleon,Water,Steel,530,84,86,88,111,101,60,4,False,False
Starly,Normal,Flying,245,40,55,30,30,30,60,4,False,True
Staravia,Normal,Flying,340,55,75,50,40,40,80,4,False,False
Staraptor,Normal,Flying,485,85,120,70,50,60,100,4,False,False
Bidoof,Normal,,250,59,45,40,35,40,31,4,False,True
Bibarel,Normal,Water,410,79,85,60,55,60,71,4,False,False
Kricketot,Bug,,194,37,25,41,25,41,25,4,False,True
Kricketune,Bug,,384,77,85,51,55,51,65,4,False,False
Shinx,Electric,,263,45,65,34,40,34,45,4,False,True
Luxio,Electric,,363,60,85,49,60,49,60,4,False,False
Luxray,Electric,,523,80,120,79,95,79,70,4,False,False
Budew,Grass,Poison,280,40,30,35,50,70,55,4,False,True
Roserade,Grass,Poison,515,60,70,65,125,105,90,4,False,False
Cranidos,Rock,,350,67,125,40,30,30,58,4,False,True
Rampardos,Rock,,495,97,165,60,65,50,58,4,False,False
Shieldon,Rock,Steel,350,30,42,118,42,88,30,4,False,True
Bastiodon,Rock,Steel,495,60,52,168,47,138,30,4,False,False
Burmy,Bug,,224,40,29,45,29,45,36,4,False,True
WormadamPlant Cloak,Bug,Grass,424,60,59,85,79,105,36,4,False,False
WormadamSandy Cloak,Bug,Ground,424,60,79,105,59,85,36,4,False,False
WormadamTrash Cloak,Bug,Steel,424,60,69,95,69,95,36,4,False,False
Mothim,Bug,Flying,424,70,94,50,94,50,66,4,False,False
Combee,Bug,Flying,244,30,30,42,30,42,70,4,False,True
Vespiquen,Bug,Flying,474,70,80,102,80,102,40,4,False,False
Pachirisu,Electric,,405,60,45,70,45,90,95,4,False,False
Buizel,Water,,330,55,65,35,60,30,85,4,False,True
Floatzel,Water,,495,85,105,55,85,50,115,4,False,False
Cherubi,Grass,,275,45,35,45,62,53,35,4,False,True
Cherrim,Grass,,450,70,60,70,87,78,85,4,False,False
Shellos,Water,,325,76,48,48,57,62,34,4,False,True
Gastrodon,Water,Ground,475,111,83,68,92,82,39,4,False,False
Ambipom,Normal,,482,75,100,66,60,66,115,4,False,False
Drifloon,Ghost,Flying,348,90,50,34,60,44,70,4,False,True
Drifblim,Ghost,Flying,498,150,80,44,90,54,80,4,False,False
Buneary,Normal,,350,55,66,44,44,56,85,4,False,True
Lopunny,Normal,,480,65,76,84,54,96,105,4,False,False
LopunnyMega Lopunny,Normal,Fighting,580,65,136,94,54,96,135,4,False,False
Mismagius,Ghost,,495,60,60,60,105,105,105,4,False,False
Honchkrow,Dark,Flying,505,100,125,52,105,52,71,4,False,False
Glameow,Normal,,310,49,55,42,42,37,85,4,False,True
Purugly,Normal,,452,71,82,64,64,59,112,4,False,False
Chingling,Psychic,,285,45,30,50,65,50,45,4,False,True
Stunky,Poison,Dark,329,63,63,47,41,41,74,4,False,True
Skuntank,Poison,Dark,479,103,93,67,71,61,84,4,False,False
Bronzor,Steel,Psychic,300,57,24,86,24,86,23,4,False,True
Bronzong,Steel,Psychic,500,67,89,116,79,116,33,4,False,False
Bonsly,Rock,,290,50,80,95,10,45,10,4,False,True
Mime Jr.,Psychic,Fairy,310,20,25,45,70,90,60,4,False,False
Happiny,Normal,,220,100,5,5,15,65,30,4,False,True
Chatot,Normal,Flying,411,76,65,45,92,42,91,4,False,False
Spiritomb,Ghost,Dark,485,50,92,108,92,108,35,4,False,False
Gible,Dragon,Ground,300,58,70,45,40,45,42,4,False,True
Gabite,Dragon,Ground,410,68,90,65,50,55,82,4,False,False
Garchomp,Dragon,Ground,600,108,130,95,80,85,102,4,False,False
GarchompMega Garchomp,Dragon,Ground,700,108,170,115,120,95,92,4,False,False
Munchlax,Normal,,390,135,85,40,40,85,5,4,False,True
Riolu,Fighting,,285,40,70,40,35,40,60,4,False,True
Lucario,Fighting,Steel,525,70,110,70,115,70,90,4,False,False
LucarioMega Lucario,Fighting,Steel,625,70,145,88,140,70,112,4,False,False
Hippopotas,Ground,,330,68,72,78,38,42,32,4,False,True
Hippowdon,Ground,,525,108,112,118,68,72,47,4,False,False
Skorupi,Poison,Bug,330,40,50,90,30,55,65,4,False,True
Drapion,Poison,Dark,500,70,90,110,60,75,95,4,False,False
Croagunk,Poison,Fighting,300,48,61,40,61,40,50,4,False,True
Toxicroak,Poison,Fighting,490,83,106,65,86,65,85,4,False,False
Carnivine,Grass,,454,74,100,72,90,72,46,4,False,False
Finneon,Water,,330,49,49,56,49,61,66,4,False,True
Lumineon,Water,,460,69,69,76,69,86,91,4,False,False
Mantyke,Water,Flying,345,45,20,50,60,120,50,4,False,True
Snover,Grass,Ice,334,60,62,50,62,60,40,4,False,True
Abomasnow,Grass,Ice,494,90,92,75,92,85,60,4,False,False
AbomasnowMega Abomasnow,Grass,Ice,594,90,132,105,132,105,30,4,False,False
Weavile,Dark,Ice,510,70,120,65,45,85,125,4,False,False
Magnezone,Electric,Steel,535,70,70,115,130,90,60,4,False,False
Lickilicky,Normal,,515,110,85,95,80,95,50,4,False,False
Rhyperior,Ground,Rock,535,115,140,130,55,55,40,4,False,False
Tangrowth,Grass,,535,100,100,125,110,50,50,4,False,False
Electivire,Electric,,540,75,123,67,95,85,95,4,False,False
Magmortar,Fire,,540,75,95,67,125,95,83,4,False,False
Togekiss,Fairy,Flying,545,85,50,95,120,115,80,4,False,False
Yanmega,Bug,Flying,515,86,76,86,116,56,95,4,False,False
Leafeon,Grass,,525,65,110,130,60,65,95,4,False,False
Glaceon,Ice,,525,65,60,110,130,95,65,4,False,False
Gliscor,Ground,Flying,510,75,95,125,45,75,95,4,False,False
Mamoswine,Ice,Ground,530,110,130,80,70,60,80,4,False,False
Porygon-Z,Normal,,535,85,80,70,135,75,90,4,False,False
Gallade,Psychic,Fighting,518,68,125,65,65,115,80,4,False,False
GalladeMega Gallade,Psychic,Fighting,618,68,165,95,65,115,110,4,False,False
Probopass,Rock,Steel,525,60,55,145,75,150,40,4,False,False
Dusknoir,Ghost,,525,45,100,135,65,135,45,4,False,False
Froslass,Ice,Ghost,480,70,80,70,80,70,110,4,False,False
Rotom,Electric,Ghost,440,50,50,77,95,77,91,4,False,False
RotomHeat Rotom,Electric,Fire,520,50,65,107,105,107,86,4,False,False
RotomWash Rotom,Electric,Water,520,50,65,107,105,107,86,4,False,False
RotomFrost Rotom,Electric,Ice,520,50,65,107,105,107,86,4,False,False
RotomFan Rotom,Electric,Flying,520,50,65,107,105,107,86,4,False,False
RotomMow Rotom,Electric,Grass,520,50,65,107,105,107,86,4,False,False
Uxie,Psychic,,580,75,75,130,75,130,95,4,True,False
Mesprit,Psychic,,580,80,105,105,105,105,80,4,True,False
Azelf,Psychic,,580,75,125,70,125,70,115,4,True,False
Dialga,Steel,Dragon,680,100,120,120,150,100,90,4,True,False
Palkia,Water,Dragon,680,90,120,100,150,120,100,4,True,False
Heatran,Fire,Steel,600,91,90,106,130,106,77,4,True,False
Regigigas,Normal,,670,110,160,110,80,110,100,4,True,False
GiratinaAltered Forme,Ghost,Dragon,680,150,100,120,100,120,90,4,True,False
GiratinaOrigin Forme,Ghost,Dragon,680,150,120,100,120,100,90,4,True,False
Cresselia,Psychic,,600,120,70,120,75,130,85,4,False,False
Phione,Water,,480,80,80,80,80,80,80,4,False,False
Manaphy,Water,,600,100,100,100,100,100,100,4,False,False
Darkrai,Dark,,600,70,90,90,135,90,125,4,True,False
ShayminLand Forme,Grass,,600,100,100,100,100,100,100,4,True,False
ShayminSky Forme,Grass,Flying,600,100,103,75,120,75,127,4,True,False
Arceus,Normal,,720,120,120,120,120,120,120,4,True,False
Victini,Psychic,Fire,600,100,100,100,100,100,100,5,True,False
Snivy,Grass,,308,45,45,55,45,55,63,5,False,True
Servine,Grass,,413,60,60,75,60,75,83,5,False,False
Serperior,Grass,,528,75,75,95,75,95,113,5,False,False
Tepig,Fire,,308,65,63,45,45,45,45,5,False,True
Pignite,Fire,Fighting,418,90,93,55,70,55,55,5,False,False
Emboar,Fire,Fighting,528,110,123,65,100,65,65,5,False,False
Oshawott,Water,,308,55,55,45,63,45,45,5,False,True
Dewott,Water,,413,75,75,60,83,60,60,5,False,False
Samurott,Water,,528,95,100,85,108,70,70,5,False,False
Patrat,Normal,,255,45,55,39,35,39,42,5,False,True
Watchog,Normal,,420,60,85,69,60,69,77,5,False,False
Lillipup,Normal,,275,45,60,45,25,45,55,5,False,True
Herdier,Normal,,370,65,80,65,35,65,60,5,False,False
Stoutland,Normal,,500,85,110,90,45,90,80,5,False,False
Purrloin,Dark,,281,41,50,37,50,37,66,5,False,True
Liepard,Dark,,446,64,88,50,88,50,106,5,False,False
Pansage,Grass,,316,50,53,48,53,48,64,5,False,True
Simisage,Grass,,498,75,98,63,98,63,101,5,False,False
Pansear,Fire,,316,50,53,48,53,48,64,5,False,True
Simisear,Fire,,498,75,98,63,98,63,101,5,False,False
Panpour,Water,,316,50,53,48,53,48,64,5,False,True
Simipour,Water,,498,75,98,63,98,63,101,5,False,False
Munna,Psychic,,292,76,25,45,67,55,24,5,False,True
Musharna,Psychic,,487,116,55,85,107,95,29,5,False,False
Pidove,Normal,Flying,264,50,55,50,36,30,43,5,False,True
Tranquill,Normal,Flying,358,62,77,62,50,42,65,5,False,False
Unfezant,Normal,Flying,488,80,115,80,65,55,93,5,False,False
Blitzle,Electric,,295,45,60,32,50,32,76,5,False,True
Zebstrika,Electric,,497,75,100,63,80,63,116,5,False,False
Roggenrola,Rock,,280,55,75,85,25,25,15,5,False,True
Boldore,Rock,,390,70,105,105,50,40,20,5,False,False
Gigalith,Rock,,515,85,135,130,60,80,25,5,False,False
Woobat,Psychic,Flying,313,55,45,43,55,43,72,5,False,True
Swoobat,Psychic,Flying,425,67,57,55,77,55,114,5,False,False
Drilbur,Ground,,328,60,85,40,30,45,68,5,False,True
Excadrill,Ground,Steel,508,110,135,60,50,65,88,5,False,False
Audino,Normal,,445,103,60,86,60,86,50,5,False,False
AudinoMega Audino,Normal,Fairy,545,103,60,126,80,126,50,5,False,False
Timburr,Fighting,,305,75,80,55,25,35,35,5,False,True
Gurdurr,Fighting,,405,85,105,85,40,50,40,5,False,False
Conkeldurr,Fighting,,505,105,140,95,55,65,45,5,False,False
Tympole,Water,,294,50,50,40,50,40,64,5,False,True
Palpitoad,Water,Ground,384,75,65,55,65,55,69,5,False,False
Seismitoad,Water,Ground,509,105,95,75,85,75,74,5,False,False
Throh,Fighting,,465,120,100,85,30,85,45,5,False,True
Sawk,Fighting,,465,75,125,75,30,75,85,5,False,False
Sewaddle,Bug,Grass,310,45,53,70,40,60,42,5,False,True
Swadloon,Bug,Grass,380,55,63,90,50,80,42,5,False,False
Leavanny,Bug,Grass,500,75,103,80,70,80,92,5,False,False
